id_number	name	hospital	date
223456789012378	demo1_0034	hospital_4	1649902045
223456789012382	demo1_0038	hospital_6	1649902045
223456789012374	demo1_0030	hospital_8	1649902045
223456789012402	demo1_0058	hospital_6	1649902045
223456789012362	demo1_0018	hospital_9	1649902045
223456789012363	demo1_0019	hospital_17	1649902045
223456789012379	demo1_0035	hospital_2	1649902045
223456789012356	demo1_0012	hospital_11	1649902045
223456789012399	demo1_0055	hospital_16	1649902045
223456789012391	demo1_0047	hospital_14	1649902045
223456789012397	demo1_0053	hospital_8	1649902045
223456789012377	demo1_0033	hospital_11	1649902045
223456789012346	demo1_0002	hospital_3	1649902045
223456789012371	demo1_0027	hospital_16	1649902045
223456789012359	demo1_0015	hospital_16	1649902045
223456789012350	demo1_0006	hospital_11	1649902045
223456789012372	demo1_0028	hospital_17	1649902045
223456789012376	demo1_0032	hospital_12	1649902045
223456789012401	demo1_0057	hospital_16	1649902045
223456789012361	demo1_0017	hospital_13	1649902045
223456789012404	demo1_0060	hospital_14	1649902045
223456789012373	demo1_0029	hospital_9	1649902045
223456789012392	demo1_0048	hospital_20	1649902045
223456789012388	demo1_0044	hospital_19	1649902045
223456789012364	demo1_0020	hospital_11	1649902045
223456789012367	demo1_0023	hospital_9	1649902045
223456789012355	demo1_0011	hospital_17	1649902045
223456789012383	demo1_0039	hospital_10	1649902045
223456789012387	demo1_0043	hospital_5	1649902045
223456789012385	demo1_0041	hospital_17	1649902045
223456789012370	demo1_0026	hospital_8	1649902045
223456789012357	demo1_0013	hospital_10	1649902045
223456789012352	demo1_0008	hospital_8	1649902045
223456789012365	demo1_0021	hospital_4	1649902045
223456789012395	demo1_0051	hospital_3	1649902045
223456789012393	demo1_0049	hospital_17	1649902045
223456789012398	demo1_0054	hospital_16	1649902045
223456789012347	demo1_0003	hospital_2	1649902045
223456789012354	demo1_0010	hospital_19	1649902045
223456789012353	demo1_0009	hospital_13	1649902045
223456789012389	demo1_0045	hospital_19	1649902045
223456789012345	demo1_0001	hospital_2	1649902045
223456789012380	demo1_0036	hospital_17	1649902045
223456789012369	demo1_0025	hospital_11	1649902045
223456789012360	demo1_0016	hospital_5	1649902045
223456789012400	demo1_0056	hospital_8	1649902045
223456789012390	demo1_0046	hospital_1	1649902045
223456789012403	demo1_0059	hospital_3	1649902045
223456789012368	demo1_0024	hospital_3	1649902045
223456789012381	demo1_0037	hospital_19	1649902045
223456789012358	demo1_0014	hospital_12	1649902045
223456789012375	demo1_0031	hospital_6	1649902045
223456789012394	demo1_0050	hospital_16	1649902045
223456789012366	demo1_0022	hospital_13	1649902046
223456789012384	demo1_0040	hospital_6	1649902046
223456789012349	demo1_0005	hospital_5	1649902046
223456789012348	demo1_0004	hospital_9	1649902046
223456789012386	demo1_0042	hospital_19	1649902046
223456789012396	demo1_0052	hospital_20	1649902046
223456789012351	demo1_0007	hospital_16	1649902046
323456789012346	demo3_0042	hospital_16	1649902072
123456789012397	demo2_0053	hospital_14	1649902072
323456789012346	demo3_0054	hospital_8	1649902072
323456789012346	demo3_0032	hospital_8	1649902072
223456789012378	demo1_0034	hospital_4	1649902072
123456789012393	demo2_0049	hospital_15	1649902072
223456789012374	demo1_0030	hospital_8	1649902072
223456789012382	demo1_0038	hospital_6	1649902072
223456789012402	demo1_0058	hospital_6	1649902072
123456789012384	demo2_0040	hospital_9	1649902072
123456789012361	demo2_0017	hospital_19	1649902072
123456789012360	demo2_0016	hospital_8	1649902072
323456789012346	demo3_0018	hospital_6	1649902072
323456789012346	demo3_0052	hospital_13	1649902072
223456789012362	demo1_0018	hospital_9	1649902072
123456789012403	demo2_0059	hospital_14	1649902072
123456789012402	demo2_0058	hospital_14	1649902072
223456789012363	demo1_0019	hospital_17	1649902072
123456789012358	demo2_0014	hospital_16	1649902072
123456789012357	demo2_0013	hospital_3	1649902072
223456789012379	demo1_0035	hospital_2	1649902072
323456789012345	demo3_0019	hospital_2	1649902072
323456789012345	demo3_0057	hospital_6	1649902072
223456789012356	demo1_0012	hospital_11	1649902072
323456789012345	demo3_0035	hospital_18	1649902072
123456789012373	demo2_0029	hospital_16	1649902072
323456789012345	demo3_0047	hospital_16	1649902072
223456789012399	demo1_0055	hospital_16	1649902072
323456789012345	demo3_0033	hospital_11	1649902072
123456789012381	demo2_0037	hospital_12	1649902072
123456789012400	demo2_0056	hospital_11	1649902072
123456789012374	demo2_0030	hospital_17	1649902072
123456789012378	demo2_0034	hospital_4	1649902072
323456789012346	demo3_0034	hospital_12	1649902072
323456789012346	demo3_0016	hospital_15	1649902072
123456789012348	demo2_0004	hospital_8	1649902072
123456789012359	demo2_0015	hospital_5	1649902072
323456789012345	demo3_0031	hospital_17	1649902072
323456789012345	demo3_0055	hospital_16	1649902072
223456789012391	demo1_0047	hospital_14	1649902072
323456789012346	demo3_0014	hospital_20	1649902072
123456789012356	demo2_0012	hospital_16	1649902072
123456789012387	demo2_0043	hospital_12	1649902072
123456789012376	demo2_0032	hospital_15	1649902072
323456789012345	demo3_0037	hospital_6	1649902072
223456789012397	demo1_0053	hospital_8	1649902072
123456789012382	demo2_0038	hospital_8	1649902072
323456789012346	demo3_0010	hospital_16	1649902072
123456789012365	demo2_0021	hospital_16	1649902072
323456789012346	demo3_0060	hospital_16	1649902072
323456789012346	demo3_0058	hospital_17	1649902072
223456789012377	demo1_0033	hospital_11	1649902072
323456789012345	demo3_0027	hospital_16	1649902072
123456789012372	demo2_0028	hospital_13	1649902072
123456789012395	demo2_0051	hospital_11	1649902072
323456789012345	demo3_0025	hospital_8	1649902072
323456789012346	demo3_0040	hospital_13	1649902072
223456789012346	demo1_0002	hospital_3	1649902072
323456789012346	demo3_0020	hospital_16	1649902072
223456789012371	demo1_0027	hospital_16	1649902072
223456789012359	demo1_0015	hospital_16	1649902072
123456789012347	demo2_0003	hospital_17	1649902072
123456789012371	demo2_0027	hospital_17	1649902072
323456789012346	demo3_0008	hospital_17	1649902072
223456789012350	demo1_0006	hospital_11	1649902072
123456789012391	demo2_0047	hospital_19	1649902072
323456789012345	demo3_0059	hospital_9	1649902072
223456789012372	demo1_0028	hospital_17	1649902072
123456789012388	demo2_0044	hospital_19	1649902072
323456789012346	demo3_0036	hospital_2	1649902072
323456789012345	demo3_0039	hospital_5	1649902072
223456789012376	demo1_0032	hospital_12	1649902072
323456789012346	demo3_0002	hospital_15	1649902072
323456789012345	demo3_0045	hospital_17	1649902072
123456789012352	demo2_0008	hospital_12	1649902072
223456789012401	demo1_0057	hospital_16	1649902072
123456789012362	demo2_0018	hospital_17	1649902072
323456789012346	demo3_0056	hospital_16	1649902072
323456789012345	demo3_0015	hospital_19	1649902072
223456789012361	demo1_0017	hospital_13	1649902072
223456789012404	demo1_0060	hospital_14	1649902072
223456789012373	demo1_0029	hospital_9	1649902072
223456789012392	demo1_0048	hospital_20	1649902072
323456789012345	demo3_0041	hospital_17	1649902072
123456789012369	demo2_0025	hospital_3	1649902072
323456789012345	demo3_0023	hospital_5	1649902072
323456789012345	demo3_0043	hospital_17	1649902072
223456789012388	demo1_0044	hospital_19	1649902072
323456789012346	demo3_0044	hospital_18	1649902072
223456789012364	demo1_0020	hospital_11	1649902072
223456789012367	demo1_0023	hospital_9	1649902072
223456789012355	demo1_0011	hospital_17	1649902072
223456789012383	demo1_0039	hospital_10	1649902072
223456789012387	demo1_0043	hospital_5	1649902072
223456789012385	demo1_0041	hospital_17	1649902072
123456789012404	demo2_0060	hospital_17	1649902072
223456789012370	demo1_0026	hospital_8	1649902072
123456789012345	demo2_0001	hospital_11	1649902072
323456789012346	demo3_0022	hospital_15	1649902072
123456789012370	demo2_0026	hospital_2	1649902072
223456789012357	demo1_0013	hospital_10	1649902072
123456789012351	demo2_0007	hospital_16	1649902072
323456789012346	demo3_0028	hospital_19	1649902072
123456789012389	demo2_0045	hospital_10	1649902072
123456789012390	demo2_0046	hospital_8	1649902072
123456789012385	demo2_0041	hospital_18	1649902072
223456789012352	demo1_0008	hospital_8	1649902072
323456789012345	demo3_0005	hospital_9	1649902072
323456789012345	demo3_0021	hospital_16	1649902072
223456789012365	demo1_0021	hospital_4	1649902072
223456789012395	demo1_0051	hospital_3	1649902072
223456789012398	demo1_0054	hospital_16	1649902072
123456789012383	demo2_0039	hospital_20	1649902072
223456789012393	demo1_0049	hospital_17	1649902072
123456789012398	demo2_0054	hospital_15	1649902072
123456789012399	demo2_0055	hospital_20	1649902072
223456789012347	demo1_0003	hospital_2	1649902072
123456789012380	demo2_0036	hospital_13	1649902072
123456789012355	demo2_0011	hospital_20	1649902072
123456789012375	demo2_0031	hospital_9	1649902072
323456789012345	demo3_0009	hospital_6	1649902072
323456789012346	demo3_0006	hospital_14	1649902072
223456789012354	demo1_0010	hospital_19	1649902072
323456789012345	demo3_0051	hospital_5	1649902072
123456789012366	demo2_0022	hospital_17	1649902072
123456789012377	demo2_0033	hospital_1	1649902072
323456789012345	demo3_0053	hospital_1	1649902072
223456789012353	demo1_0009	hospital_13	1649902072
323456789012345	demo3_0013	hospital_4	1649902072
323456789012346	demo3_0038	hospital_2	1649902072
223456789012389	demo1_0045	hospital_19	1649902072
323456789012346	demo3_0030	hospital_5	1649902072
223456789012345	demo1_0001	hospital_2	1649902072
123456789012353	demo2_0009	hospital_8	1649902072
323456789012346	demo3_0046	hospital_1	1649902072
223456789012380	demo1_0036	hospital_17	1649902072
323456789012345	demo3_0029	hospital_19	1649902072
123456789012354	demo2_0010	hospital_2	1649902072
323456789012346	demo3_0026	hospital_16	1649902072
223456789012369	demo1_0025	hospital_1	1649902072
323456789012346	demo3_0050	hospital_16	1649902072
123456789012367	demo2_0023	hospital_2	1649902072
323456789012345	demo3_0007	hospital_2	1649902072
223456789012360	demo1_0016	hospital_5	1649902072
323456789012345	demo3_0049	hospital_1	1649902072
223456789012400	demo1_0056	hospital_8	1649902072
223456789012390	demo1_0046	hospital_1	1649902072
123456789012392	demo2_0048	hospital_15	1649902072
123456789012394	demo2_0050	hospital_5	1649902072
223456789012403	demo1_0059	hospital_3	1649902072
223456789012368	demo1_0024	hospital_3	1649902072
323456789012346	demo3_0004	hospital_17	1649902072
123456789012386	demo2_0042	hospital_16	1649902072
223456789012381	demo1_0037	hospital_19	1649902072
123456789012401	demo2_0057	hospital_1	1649902072
223456789012358	demo1_0014	hospital_1	1649902072
123456789012363	demo2_0019	hospital_9	1649902072
223456789012375	demo1_0031	hospital_2	1649902072
323456789012346	demo3_0012	hospital_17	1649902072
223456789012394	demo1_0050	hospital_2	1649902072
123456789012368	demo2_0024	hospital_4	1649902072
323456789012345	demo3_0011	hospital_19	1649902072
123456789012396	demo2_0052	hospital_2	1649902072
123456789012364	demo2_0020	hospital_3	1649902072
323456789012346	demo3_0048	hospital_2	1649902072
223456789012366	demo1_0022	hospital_2	1649902072
323456789012345	demo3_0017	hospital_18	1649902072
123456789012350	demo2_0006	hospital_20	1649902072
123456789012379	demo2_0035	hospital_15	1649902072
323456789012345	demo3_0003	hospital_4	1649902072
223456789012349	demo1_0005	hospital_5	1649902072
223456789012384	demo1_0040	hospital_2	1649902072
323456789012345	demo3_0001	hospital_17	1649902072
223456789012348	demo1_0004	hospital_9	1649902072
223456789012386	demo1_0042	hospital_19	1649902072
123456789012349	demo2_0005	hospital_14	1649902072
223456789012351	demo1_0007	hospital_2	1649902072
323456789012346	demo3_0024	hospital_17	1649902072
223456789012396	demo1_0052	hospital_20	1649902072
123456789012346	demo2_0002	hospital_18	1649902072
323456789012346	demo3_0042	hospital_16	1649902133
423456789012345	demo4_0043	hospital_2	1649902133
423456789012345	demo4_0019	hospital_19	1649902133
423456789012346	demo4_0048	hospital_15	1649902133
123456789012397	demo2_0053	hospital_14	1649902133
323456789012346	demo3_0054	hospital_8	1649902133
323456789012346	demo3_0032	hospital_8	1649902133
223456789012378	demo1_0034	hospital_4	1649902133
223456789012382	demo1_0038	hospital_6	1649902133
123456789012393	demo2_0049	hospital_15	1649902133
223456789012374	demo1_0030	hospital_8	1649902133
423456789012346	demo4_0022	hospital_16	1649902133
123456789012361	demo2_0017	hospital_19	1649902133
123456789012384	demo2_0040	hospital_9	1649902133
223456789012402	demo1_0058	hospital_6	1649902133
123456789012360	demo2_0016	hospital_8	1649902133
423456789012346	demo4_0028	hospital_3	1649902133
323456789012346	demo3_0018	hospital_6	1649902133
323456789012346	demo3_0052	hospital_13	1649902133
223456789012362	demo1_0018	hospital_9	1649902133
123456789012403	demo2_0059	hospital_14	1649902133
123456789012402	demo2_0058	hospital_14	1649902133
223456789012363	demo1_0019	hospital_17	1649902133
123456789012358	demo2_0014	hospital_16	1649902133
123456789012357	demo2_0013	hospital_3	1649902133
223456789012379	demo1_0035	hospital_2	1649902133
423456789012345	demo4_0053	hospital_2	1649902133
423456789012346	demo4_0060	hospital_8	1649902133
323456789012345	demo3_0019	hospital_2	1649902133
423456789012346	demo4_0034	hospital_12	1649902133
323456789012345	demo3_0057	hospital_6	1649902133
323456789012345	demo3_0035	hospital_18	1649902133
223456789012356	demo1_0012	hospital_11	1649902133
323456789012345	demo3_0047	hospital_16	1649902133
423456789012345	demo4_0009	hospital_9	1649902133
123456789012373	demo2_0029	hospital_16	1649902133
423456789012346	demo4_0046	hospital_5	1649902133
323456789012345	demo3_0033	hospital_11	1649902133
223456789012399	demo1_0055	hospital_16	1649902133
123456789012381	demo2_0037	hospital_12	1649902133
423456789012346	demo4_0016	hospital_17	1649902133
423456789012345	demo4_0029	hospital_17	1649902133
123456789012400	demo2_0056	hospital_11	1649902133
123456789012374	demo2_0030	hospital_17	1649902133
423456789012345	demo4_0017	hospital_16	1649902133
123456789012378	demo2_0034	hospital_4	1649902133
423456789012345	demo4_0011	hospital_6	1649902133
323456789012346	demo3_0034	hospital_12	1649902133
323456789012346	demo3_0016	hospital_15	1649902133
123456789012348	demo2_0004	hospital_8	1649902133
123456789012359	demo2_0015	hospital_5	1649902133
323456789012345	demo3_0031	hospital_17	1649902133
323456789012345	demo3_0055	hospital_16	1649902133
223456789012391	demo1_0047	hospital_14	1649902133
423456789012346	demo4_0008	hospital_5	1649902133
323456789012346	demo3_0014	hospital_20	1649902133
123456789012356	demo2_0012	hospital_16	1649902133
123456789012387	demo2_0043	hospital_12	1649902133
123456789012376	demo2_0032	hospital_15	1649902133
323456789012345	demo3_0037	hospital_6	1649902133
123456789012382	demo2_0038	hospital_8	1649902133
323456789012346	demo3_0010	hospital_16	1649902133
423456789012346	demo4_0052	hospital_14	1649902133
223456789012397	demo1_0053	hospital_8	1649902133
223456789012377	demo1_0033	hospital_11	1649902133
123456789012365	demo2_0021	hospital_16	1649902133
323456789012346	demo3_0060	hospital_16	1649902133
423456789012346	demo4_0032	hospital_16	1649902133
323456789012346	demo3_0058	hospital_17	1649902133
323456789012345	demo3_0027	hospital_16	1649902133
423456789012346	demo4_0014	hospital_5	1649902133
123456789012372	demo2_0028	hospital_13	1649902133
423456789012346	demo4_0002	hospital_1	1649902133
123456789012395	demo2_0051	hospital_11	1649902133
323456789012345	demo3_0025	hospital_8	1649902133
323456789012346	demo3_0040	hospital_13	1649902133
223456789012346	demo1_0002	hospital_3	1649902133
423456789012345	demo4_0025	hospital_1	1649902133
223456789012371	demo1_0027	hospital_16	1649902133
223456789012359	demo1_0015	hospital_16	1649902133
323456789012346	demo3_0020	hospital_16	1649902133
123456789012347	demo2_0003	hospital_17	1649902133
123456789012371	demo2_0027	hospital_17	1649902133
423456789012346	demo4_0012	hospital_15	1649902133
423456789012345	demo4_0023	hospital_15	1649902133
423456789012345	demo4_0055	hospital_16	1649902133
323456789012346	demo3_0008	hospital_17	1649902133
223456789012350	demo1_0006	hospital_11	1649902133
323456789012345	demo3_0059	hospital_9	1649902133
123456789012391	demo2_0047	hospital_19	1649902133
123456789012388	demo2_0044	hospital_19	1649902133
423456789012345	demo4_0031	hospital_12	1649902133
223456789012372	demo1_0028	hospital_17	1649902133
323456789012346	demo3_0036	hospital_2	1649902133
223456789012376	demo1_0032	hospital_1	1649902133
323456789012345	demo3_0039	hospital_5	1649902133
323456789012346	demo3_0002	hospital_15	1649902133
323456789012345	demo3_0045	hospital_17	1649902133
423456789012345	demo4_0013	hospital_17	1649902133
123456789012352	demo2_0008	hospital_1	1649902133
223456789012401	demo1_0057	hospital_16	1649902133
423456789012346	demo4_0026	hospital_20	1649902133
323456789012346	demo3_0056	hospital_16	1649902133
123456789012362	demo2_0018	hospital_17	1649902133
323456789012345	demo3_0015	hospital_19	1649902133
223456789012361	demo1_0017	hospital_13	1649902133
423456789012346	demo4_0024	hospital_9	1649902133
423456789012345	demo4_0007	hospital_11	1649902133
223456789012373	demo1_0029	hospital_9	1649902133
223456789012404	demo1_0060	hospital_14	1649902133
223456789012392	demo1_0048	hospital_20	1649902133
423456789012345	demo4_0021	hospital_5	1649902133
423456789012346	demo4_0044	hospital_2	1649902133
123456789012369	demo2_0025	hospital_3	1649902133
323456789012345	demo3_0023	hospital_5	1649902133
323456789012345	demo3_0041	hospital_17	1649902133
323456789012345	demo3_0043	hospital_17	1649902133
223456789012388	demo1_0044	hospital_19	1649902133
223456789012364	demo1_0020	hospital_11	1649902133
323456789012346	demo3_0044	hospital_18	1649902133
223456789012367	demo1_0023	hospital_9	1649902133
223456789012355	demo1_0011	hospital_17	1649902133
223456789012387	demo1_0043	hospital_5	1649902133
423456789012345	demo4_0001	hospital_1	1649902133
223456789012383	demo1_0039	hospital_10	1649902133
223456789012385	demo1_0041	hospital_17	1649902133
123456789012404	demo2_0060	hospital_17	1649902133
223456789012370	demo1_0026	hospital_8	1649902133
423456789012345	demo4_0047	hospital_19	1649902133
423456789012346	demo4_0056	hospital_20	1649902133
123456789012345	demo2_0001	hospital_1	1649902133
323456789012346	demo3_0022	hospital_15	1649902133
223456789012357	demo1_0013	hospital_10	1649902133
423456789012346	demo4_0040	hospital_17	1649902133
123456789012370	demo2_0026	hospital_2	1649902133
123456789012351	demo2_0007	hospital_16	1649902133
323456789012346	demo3_0028	hospital_19	1649902133
123456789012389	demo2_0045	hospital_10	1649902133
123456789012390	demo2_0046	hospital_8	1649902133
123456789012385	demo2_0041	hospital_18	1649902133
323456789012345	demo3_0005	hospital_9	1649902133
423456789012346	demo4_0050	hospital_1	1649902133
223456789012352	demo1_0008	hospital_8	1649902133
423456789012346	demo4_0004	hospital_16	1649902133
323456789012345	demo3_0021	hospital_1	1649902133
223456789012395	demo1_0051	hospital_3	1649902133
223456789012365	demo1_0021	hospital_4	1649902133
123456789012383	demo2_0039	hospital_20	1649902133
223456789012393	demo1_0049	hospital_17	1649902133
223456789012398	demo1_0054	hospital_2	1649902133
123456789012398	demo2_0054	hospital_15	1649902133
123456789012399	demo2_0055	hospital_20	1649902133
223456789012347	demo1_0003	hospital_2	1649902133
123456789012380	demo2_0036	hospital_13	1649902133
123456789012355	demo2_0011	hospital_20	1649902133
423456789012346	demo4_0018	hospital_9	1649902133
423456789012345	demo4_0015	hospital_2	1649902133
323456789012345	demo3_0009	hospital_2	1649902133
123456789012375	demo2_0031	hospital_9	1649902133
323456789012346	demo3_0006	hospital_14	1649902133
223456789012354	demo1_0010	hospital_19	1649902133
423456789012345	demo4_0037	hospital_10	1649902133
323456789012345	demo3_0051	hospital_5	1649902133
123456789012366	demo2_0022	hospital_17	1649902133
323456789012345	demo3_0053	hospital_2	1649902133
123456789012377	demo2_0033	hospital_2	1649902133
423456789012345	demo4_0005	hospital_13	1649902133
223456789012353	demo1_0009	hospital_2	1649902133
423456789012346	demo4_0058	hospital_19	1649902133
423456789012345	demo4_0041	hospital_2	1649902133
323456789012345	demo3_0013	hospital_4	1649902133
323456789012346	demo3_0030	hospital_5	1649902133
223456789012389	demo1_0045	hospital_19	1649902133
323456789012346	demo3_0038	hospital_2	1649902133
223456789012345	demo1_0001	hospital_2	1649902133
123456789012353	demo2_0009	hospital_8	1649902133
323456789012346	demo3_0046	hospital_2	1649902133
223456789012380	demo1_0036	hospital_17	1649902133
123456789012354	demo2_0010	hospital_2	1649902133
323456789012345	demo3_0029	hospital_19	1649902133
223456789012369	demo1_0025	hospital_2	1649902133
323456789012346	demo3_0026	hospital_2	1649902133
323456789012346	demo3_0050	hospital_3	1649902133
123456789012367	demo2_0023	hospital_3	1649902133
223456789012360	demo1_0016	hospital_5	1649902133
323456789012345	demo3_0007	hospital_3	1649902133
323456789012345	demo3_0049	hospital_3	1649902133
223456789012400	demo1_0056	hospital_8	1649902133
123456789012394	demo2_0050	hospital_5	1649902133
223456789012390	demo1_0046	hospital_3	1649902133
123456789012392	demo2_0048	hospital_15	1649902133
423456789012346	demo4_0020	hospital_4	1649902133
223456789012403	demo1_0059	hospital_3	1649902133
423456789012346	demo4_0042	hospital_3	1649902133
323456789012346	demo3_0004	hospital_17	1649902133
423456789012345	demo4_0049	hospital_3	1649902133
223456789012368	demo1_0024	hospital_3	1649902133
423456789012345	demo4_0045	hospital_3	1649902133
223456789012381	demo1_0037	hospital_19	1649902133
123456789012386	demo2_0042	hospital_3	1649902133
123456789012401	demo2_0057	hospital_3	1649902133
223456789012358	demo1_0014	hospital_3	1649902133
123456789012363	demo2_0019	hospital_9	1649902133
423456789012346	demo4_0010	hospital_3	1649902133
223456789012375	demo1_0031	hospital_3	1649902133
323456789012346	demo3_0012	hospital_17	1649902133
223456789012394	demo1_0050	hospital_3	1649902133
123456789012368	demo2_0024	hospital_4	1649902133
323456789012345	demo3_0011	hospital_19	1649902133
423456789012345	demo4_0051	hospital_3	1649902133
423456789012345	demo4_0059	hospital_3	1649902133
423456789012345	demo4_0039	hospital_3	1649902133
123456789012364	demo2_0020	hospital_3	1649902133
123456789012396	demo2_0052	hospital_4	1649902133
423456789012345	demo4_0057	hospital_15	1649902133
323456789012346	demo3_0048	hospital_4	1649902133
423456789012346	demo4_0054	hospital_17	1649902133
423456789012345	demo4_0027	hospital_4	1649902133
223456789012366	demo1_0022	hospital_4	1649902133
423456789012346	demo4_0036	hospital_4	1649902133
423456789012346	demo4_0030	hospital_15	1649902133
323456789012345	demo3_0017	hospital_18	1649902133
423456789012346	demo4_0006	hospital_4	1649902133
123456789012350	demo2_0006	hospital_20	1649902133
123456789012379	demo2_0035	hospital_15	1649902133
223456789012384	demo1_0040	hospital_4	1649902133
223456789012349	demo1_0005	hospital_5	1649902133
323456789012345	demo3_0003	hospital_4	1649902133
323456789012345	demo3_0001	hospital_17	1649902133
423456789012345	demo4_0033	hospital_19	1649902133
223456789012348	demo1_0004	hospital_9	1649902133
223456789012386	demo1_0042	hospital_19	1649902133
123456789012349	demo2_0005	hospital_14	1649902133
423456789012345	demo4_0003	hospital_4	1649902133
423456789012346	demo4_0038	hospital_20	1649902133
423456789012345	demo4_0035	hospital_9	1649902133
323456789012346	demo3_0024	hospital_17	1649902133
223456789012396	demo1_0052	hospital_20	1649902133
123456789012346	demo2_0002	hospital_18	1649902133
223456789012351	demo1_0007	hospital_4	1649902133
323456789012346	demo3_0042	hospital_16	1649902217
923456789012346	demo9_0020	hospital_16	1649902217
423456789012345	demo4_0043	hospital_2	1649902217
623456789012346	demo6_0056	hospital_1	1649902217
423456789012346	demo4_0048	hospital_15	1649902217
623456789012346	demo6_0042	hospital_20	1649902217
623456789012345	demo6_0057	hospital_16	1649902217
423456789012345	demo4_0019	hospital_19	1649902217
123456789012397	demo2_0053	hospital_14	1649902217
723456789012346	demo7_0038	hospital_14	1649902217
823456789012345	demo8_0045	hospital_6	1649902217
323456789012346	demo3_0054	hospital_8	1649902217
323456789012346	demo3_0032	hospital_8	1649902217
623456789012346	demo6_0040	hospital_20	1649902217
723456789012345	demo7_0003	hospital_19	1649902217
223456789012378	demo1_0034	hospital_4	1649902217
823456789012346	demo8_0056	hospital_16	1649902217
923456789012345	demo9_0041	hospital_3	1649902217
723456789012345	demo7_0021	hospital_15	1649902217
723456789012345	demo7_0037	hospital_16	1649902217
923456789012345	demo9_0011	hospital_17	1649902217
623456789012346	demo6_0006	hospital_17	1649902217
123456789012393	demo2_0049	hospital_15	1649902217
223456789012374	demo1_0030	hospital_8	1649902217
223456789012382	demo1_0038	hospital_6	1649902217
523456789012346	demo5_0032	hospital_5	1649902217
123456789012361	demo2_0017	hospital_19	1649902217
723456789012345	demo7_0055	hospital_13	1649902217
423456789012346	demo4_0022	hospital_16	1649902217
223456789012402	demo1_0058	hospital_6	1649902217
123456789012384	demo2_0040	hospital_9	1649902217
923456789012346	demo9_0022	hospital_3	1649902217
123456789012360	demo2_0016	hospital_8	1649902217
523456789012345	demo5_0045	hospital_17	1649902217
423456789012346	demo4_0028	hospital_3	1649902217
323456789012346	demo3_0018	hospital_6	1649902217
323456789012346	demo3_0052	hospital_13	1649902217
923456789012345	demo9_0049	hospital_15	1649902217
723456789012345	demo7_0041	hospital_18	1649902217
723456789012346	demo7_0058	hospital_3	1649902217
223456789012362	demo1_0018	hospital_9	1649902217
123456789012403	demo2_0059	hospital_14	1649902217
123456789012402	demo2_0058	hospital_14	1649902217
123456789012358	demo2_0014	hospital_16	1649902217
123456789012357	demo2_0013	hospital_3	1649902217
223456789012363	demo1_0019	hospital_17	1649902217
723456789012345	demo7_0057	hospital_16	1649902217
923456789012345	demo9_0013	hospital_11	1649902217
623456789012346	demo6_0018	hospital_16	1649902217
723456789012345	demo7_0047	hospital_4	1649902217
223456789012379	demo1_0035	hospital_2	1649902217
323456789012345	demo3_0019	hospital_2	1649902217
423456789012346	demo4_0034	hospital_12	1649902217
423456789012346	demo4_0060	hospital_8	1649902217
423456789012345	demo4_0053	hospital_2	1649902217
723456789012345	demo7_0009	hospital_16	1649902217
523456789012345	demo5_0057	hospital_9	1649902217
723456789012346	demo7_0024	hospital_13	1649902217
323456789012345	demo3_0057	hospital_6	1649902217
323456789012345	demo3_0035	hospital_18	1649902217
523456789012346	demo5_0052	hospital_19	1649902217
823456789012345	demo8_0009	hospital_16	1649902217
723456789012345	demo7_0013	hospital_16	1649902217
723456789012346	demo7_0012	hospital_15	1649902217
823456789012346	demo8_0014	hospital_15	1649902217
223456789012356	demo1_0012	hospital_11	1649902217
923456789012346	demo9_0024	hospital_13	1649902217
123456789012373	demo2_0029	hospital_16	1649902217
623456789012346	demo6_0038	hospital_9	1649902217
323456789012345	demo3_0047	hospital_16	1649902217
423456789012345	demo4_0009	hospital_9	1649902217
623456789012345	demo6_0027	hospital_14	1649902217
423456789012346	demo4_0046	hospital_5	1649902217
623456789012345	demo6_0017	hospital_20	1649902217
823456789012345	demo8_0031	hospital_1	1649902217
923456789012345	demo9_0043	hospital_3	1649902217
223456789012399	demo1_0055	hospital_16	1649902217
323456789012345	demo3_0033	hospital_11	1649902217
723456789012346	demo7_0030	hospital_16	1649902217
723456789012345	demo7_0001	hospital_7	1649902217
123456789012381	demo2_0037	hospital_12	1649902217
623456789012346	demo6_0008	hospital_13	1649902217
523456789012345	demo5_0003	hospital_16	1649902217
923456789012346	demo9_0060	hospital_1	1649902217
423456789012346	demo4_0016	hospital_17	1649902217
123456789012400	demo2_0056	hospital_11	1649902217
423456789012345	demo4_0029	hospital_17	1649902217
123456789012374	demo2_0030	hospital_17	1649902217
623456789012345	demo6_0051	hospital_16	1649902217
423456789012345	demo4_0017	hospital_16	1649902217
123456789012378	demo2_0034	hospital_4	1649902217
423456789012345	demo4_0011	hospital_6	1649902217
323456789012346	demo3_0034	hospital_12	1649902217
823456789012345	demo8_0047	hospital_20	1649902217
323456789012346	demo3_0016	hospital_15	1649902217
623456789012345	demo6_0039	hospital_3	1649902217
823456789012346	demo8_0036	hospital_4	1649902217
923456789012345	demo9_0047	hospital_8	1649902217
623456789012345	demo6_0005	hospital_12	1649902217
623456789012345	demo6_0053	hospital_17	1649902217
123456789012359	demo2_0015	hospital_5	1649902217
123456789012348	demo2_0004	hospital_8	1649902217
723456789012345	demo7_0011	hospital_1	1649902217
823456789012346	demo8_0054	hospital_19	1649902217
323456789012345	demo3_0031	hospital_17	1649902217
323456789012345	demo3_0055	hospital_16	1649902217
823456789012346	demo8_0016	hospital_2	1649902217
523456789012346	demo5_0008	hospital_3	1649902217
223456789012391	demo1_0047	hospital_14	1649902217
823456789012346	demo8_0044	hospital_8	1649902217
823456789012346	demo8_0060	hospital_3	1649902217
423456789012346	demo4_0008	hospital_5	1649902217
623456789012345	demo6_0015	hospital_16	1649902217
323456789012346	demo3_0014	hospital_20	1649902217
823456789012346	demo8_0028	hospital_2	1649902217
923456789012346	demo9_0002	hospital_14	1649902217
123456789012356	demo2_0012	hospital_16	1649902217
123456789012387	demo2_0043	hospital_12	1649902217
623456789012346	demo6_0014	hospital_17	1649902217
523456789012346	demo5_0048	hospital_14	1649902217
823456789012345	demo8_0019	hospital_1	1649902217
923456789012346	demo9_0036	hospital_20	1649902217
123456789012376	demo2_0032	hospital_15	1649902217
323456789012345	demo3_0037	hospital_1	1649902217
823456789012345	demo8_0015	hospital_1	1649902217
723456789012346	demo7_0036	hospital_18	1649902217
823456789012346	demo8_0038	hospital_1	1649902217
223456789012397	demo1_0053	hospital_8	1649902217
423456789012346	demo4_0052	hospital_14	1649902217
323456789012346	demo3_0010	hospital_2	1649902217
123456789012382	demo2_0038	hospital_8	1649902217
923456789012345	demo9_0053	hospital_18	1649902217
723456789012346	demo7_0050	hospital_14	1649902217
423456789012346	demo4_0032	hospital_2	1649902217
123456789012365	demo2_0021	hospital_2	1649902217
623456789012346	demo6_0046	hospital_17	1649902217
223456789012377	demo1_0033	hospital_11	1649902217
623456789012346	demo6_0052	hospital_17	1649902217
323456789012346	demo3_0060	hospital_2	1649902217
323456789012346	demo3_0058	hospital_17	1649902217
923456789012345	demo9_0059	hospital_2	1649902217
323456789012345	demo3_0027	hospital_2	1649902217
423456789012346	demo4_0014	hospital_5	1649902217
523456789012346	demo5_0010	hospital_2	1649902217
523456789012346	demo5_0046	hospital_11	1649902217
123456789012372	demo2_0028	hospital_13	1649902217
923456789012345	demo9_0009	hospital_10	1649902217
723456789012346	demo7_0028	hospital_17	1649902217
723456789012346	demo7_0046	hospital_2	1649902217
623456789012345	demo6_0019	hospital_14	1649902217
423456789012346	demo4_0002	hospital_2	1649902217
123456789012395	demo2_0051	hospital_11	1649902217
523456789012345	demo5_0009	hospital_2	1649902217
823456789012345	demo8_0055	hospital_2	1649902217
323456789012345	demo3_0025	hospital_8	1649902217
723456789012346	demo7_0034	hospital_2	1649902217
523456789012346	demo5_0004	hospital_19	1649902217
223456789012346	demo1_0002	hospital_3	1649902217
323456789012346	demo3_0040	hospital_2	1649902217
823456789012345	demo8_0057	hospital_11	1649902217
923456789012346	demo9_0034	hospital_17	1649902217
323456789012346	demo3_0020	hospital_2	1649902217
623456789012346	demo6_0044	hospital_5	1649902217
423456789012345	demo4_0025	hospital_2	1649902217
923456789012345	demo9_0017	hospital_3	1649902217
923456789012345	demo9_0007	hospital_17	1649902217
223456789012359	demo1_0015	hospital_3	1649902217
223456789012371	demo1_0027	hospital_3	1649902217
123456789012347	demo2_0003	hospital_17	1649902217
123456789012371	demo2_0027	hospital_17	1649902217
723456789012345	demo7_0007	hospital_19	1649902217
823456789012346	demo8_0058	hospital_3	1649902217
423456789012346	demo4_0012	hospital_15	1649902217
423456789012345	demo4_0023	hospital_15	1649902217
523456789012346	demo5_0034	hospital_18	1649902217
923456789012346	demo9_0012	hospital_5	1649902217
623456789012345	demo6_0013	hospital_17	1649902217
523456789012345	demo5_0005	hospital_3	1649902217
823456789012345	demo8_0039	hospital_3	1649902217
323456789012346	demo3_0008	hospital_17	1649902217
623456789012346	demo6_0036	hospital_14	1649902217
823456789012345	demo8_0059	hospital_19	1649902217
523456789012346	demo5_0006	hospital_17	1649902217
423456789012345	demo4_0055	hospital_3	1649902217
123456789012391	demo2_0047	hospital_19	1649902217
223456789012350	demo1_0006	hospital_3	1649902217
323456789012345	demo3_0059	hospital_9	1649902217
923456789012346	demo9_0046	hospital_3	1649902217
323456789012346	demo3_0036	hospital_3	1649902217
223456789012372	demo1_0028	hospital_17	1649902217
723456789012345	demo7_0027	hospital_3	1649902217
123456789012388	demo2_0044	hospital_19	1649902217
423456789012345	demo4_0031	hospital_3	1649902217
623456789012346	demo6_0022	hospital_3	1649902217
723456789012345	demo7_0023	hospital_17	1649902217
723456789012346	demo7_0032	hospital_17	1649902217
723456789012345	demo7_0031	hospital_4	1649902217
223456789012376	demo1_0032	hospital_3	1649902217
623456789012346	demo6_0002	hospital_3	1649902217
823456789012345	demo8_0037	hospital_4	1649902217
323456789012345	demo3_0039	hospital_5	1649902217
323456789012346	demo3_0002	hospital_15	1649902217
323456789012345	demo3_0045	hospital_17	1649902217
723456789012346	demo7_0056	hospital_9	1649902217
923456789012346	demo9_0016	hospital_7	1649902217
923456789012346	demo9_0048	hospital_4	1649902217
523456789012346	demo5_0016	hospital_5	1649902217
623456789012346	demo6_0060	hospital_4	1649902217
923456789012345	demo9_0051	hospital_5	1649902217
623456789012346	demo6_0028	hospital_19	1649902217
523456789012346	demo5_0020	hospital_4	1649902217
423456789012345	demo4_0013	hospital_17	1649902217
923456789012346	demo9_0054	hospital_4	1649902217
723456789012346	demo7_0060	hospital_4	1649902217
723456789012345	demo7_0033	hospital_4	1649902217
123456789012352	demo2_0008	hospital_4	1649902217
223456789012401	demo1_0057	hospital_4	1649902217
523456789012345	demo5_0023	hospital_5	1649902217
823456789012346	demo8_0004	hospital_20	1649902217
923456789012346	demo9_0038	hospital_4	1649902217
523456789012346	demo5_0036	hospital_18	1649902217
723456789012345	demo7_0043	hospital_4	1649902217
523456789012345	demo5_0011	hospital_9	1649902217
523456789012346	demo5_0024	hospital_15	1649902217
423456789012346	demo4_0026	hospital_20	1649902217
823456789012346	demo8_0002	hospital_15	1649902217
523456789012346	demo5_0028	hospital_14	1649902217
123456789012362	demo2_0018	hospital_17	1649902217
923456789012345	demo9_0027	hospital_4	1649902217
323456789012346	demo3_0056	hospital_4	1649902217
323456789012345	demo3_0015	hospital_19	1649902217
723456789012345	demo7_0025	hospital_4	1649902217
723456789012345	demo7_0049	hospital_4	1649902217
523456789012345	demo5_0035	hospital_14	1649902217
823456789012345	demo8_0035	hospital_20	1649902217
223456789012361	demo1_0017	hospital_4	1649902217
423456789012346	demo4_0024	hospital_9	1649902217
423456789012345	demo4_0007	hospital_4	1649902217
523456789012345	demo5_0019	hospital_18	1649902217
923456789012345	demo9_0005	hospital_20	1649902217
223456789012373	demo1_0029	hospital_9	1649902217
823456789012346	demo8_0030	hospital_4	1649902217
223456789012404	demo1_0060	hospital_14	1649902217
723456789012346	demo7_0004	hospital_4	1649902217
823456789012346	demo8_0026	hospital_4	1649902217
523456789012345	demo5_0037	hospital_20	1649902217
223456789012392	demo1_0048	hospital_20	1649902217
423456789012345	demo4_0021	hospital_5	1649902217
423456789012346	demo4_0044	hospital_4	1649902217
623456789012345	demo6_0003	hospital_7	1649902217
123456789012369	demo2_0025	hospital_4	1649902217
323456789012345	demo3_0041	hospital_17	1649902217
523456789012345	demo5_0043	hospital_4	1649902217
323456789012345	demo3_0023	hospital_5	1649902217
823456789012345	demo8_0043	hospital_4	1649902217
823456789012345	demo8_0053	hospital_4	1649902217
923456789012345	demo9_0015	hospital_8	1649902217
323456789012345	demo3_0043	hospital_17	1649902217
823456789012345	demo8_0027	hospital_9	1649902217
223456789012388	demo1_0044	hospital_19	1649902217
823456789012346	demo8_0042	hospital_4	1649902217
323456789012346	demo3_0044	hospital_18	1649902217
223456789012364	demo1_0020	hospital_4	1649902217
223456789012367	demo1_0023	hospital_9	1649902217
923456789012345	demo9_0057	hospital_17	1649902217
223456789012355	demo1_0011	hospital_17	1649902217
523456789012345	demo5_0007	hospital_14	1649902217
923456789012346	demo9_0026	hospital_19	1649902217
523456789012345	demo5_0041	hospital_5	1649902217
823456789012346	demo8_0034	hospital_19	1649902217
223456789012387	demo1_0043	hospital_7	1649902217
223456789012383	demo1_0039	hospital_10	1649902217
423456789012345	demo4_0001	hospital_7	1649902217
223456789012385	demo1_0041	hospital_17	1649902217
923456789012345	demo9_0037	hospital_9	1649902217
823456789012345	demo8_0003	hospital_7	1649902217
123456789012404	demo2_0060	hospital_17	1649902217
923456789012346	demo9_0030	hospital_7	1649902217
423456789012345	demo4_0047	hospital_19	1649902217
723456789012346	demo7_0040	hospital_7	1649902217
223456789012370	demo1_0026	hospital_8	1649902217
523456789012345	demo5_0001	hospital_7	1649902217
923456789012345	demo9_0003	hospital_7	1649902217
923456789012346	demo9_0050	hospital_9	1649902217
423456789012346	demo4_0056	hospital_20	1649902217
623456789012346	demo6_0032	hospital_20	1649902217
923456789012346	demo9_0052	hospital_14	1649902217
823456789012346	demo8_0022	hospital_7	1649902217
223456789012357	demo1_0013	hospital_10	1649902217
523456789012346	demo5_0044	hospital_17	1649902217
323456789012346	demo3_0022	hospital_15	1649902217
123456789012370	demo2_0026	hospital_7	1649902217
423456789012346	demo4_0040	hospital_17	1649902217
623456789012345	demo6_0009	hospital_15	1649902217
123456789012345	demo2_0001	hospital_7	1649902217
723456789012345	demo7_0045	hospital_7	1649902217
723456789012345	demo7_0029	hospital_7	1649902217
923456789012345	demo9_0033	hospital_7	1649902217
123456789012351	demo2_0007	hospital_7	1649902217
823456789012346	demo8_0006	hospital_7	1649902217
723456789012345	demo7_0059	hospital_7	1649902217
723456789012345	demo7_0039	hospital_20	1649902217
923456789012346	demo9_0004	hospital_19	1649902217
923456789012345	demo9_0025	hospital_7	1649902217
323456789012346	demo3_0028	hospital_19	1649902217
723456789012345	demo7_0019	hospital_7	1649902217
723456789012346	demo7_0020	hospital_19	1649902217
123456789012389	demo2_0045	hospital_10	1649902217
123456789012385	demo2_0041	hospital_18	1649902217
123456789012390	demo2_0046	hospital_8	1649902217
923456789012345	demo9_0039	hospital_19	1649902217
523456789012346	demo5_0026	hospital_7	1649902217
323456789012345	demo3_0005	hospital_9	1649902217
423456789012346	demo4_0050	hospital_7	1649902217
723456789012345	demo7_0017	hospital_7	1649902217
223456789012352	demo1_0008	hospital_8	1649902217
323456789012345	demo3_0021	hospital_7	1649902217
423456789012346	demo4_0004	hospital_8	1649902217
223456789012365	demo1_0021	hospital_8	1649902217
223456789012395	demo1_0051	hospital_8	1649902217
223456789012393	demo1_0049	hospital_9	1649902217
723456789012346	demo7_0002	hospital_9	1649902217
223456789012398	demo1_0054	hospital_9	1649902217
123456789012383	demo2_0039	hospital_20	1649902217
923456789012345	demo9_0001	hospital_9	1649902217
123456789012398	demo2_0054	hospital_15	1649902217
523456789012346	demo5_0014	hospital_14	1649902217
723456789012346	demo7_0042	hospital_9	1649902217
123456789012399	demo2_0055	hospital_20	1649902217
623456789012345	demo6_0001	hospital_9	1649902217
823456789012345	demo8_0023	hospital_20	1649902217
223456789012347	demo1_0003	hospital_9	1649902217
623456789012346	demo6_0016	hospital_14	1649902217
523456789012346	demo5_0054	hospital_9	1649902217
723456789012346	demo7_0022	hospital_9	1649902217
123456789012380	demo2_0036	hospital_9	1649902217
923456789012346	demo9_0040	hospital_9	1649902217
823456789012346	demo8_0018	hospital_9	1649902217
923456789012345	demo9_0055	hospital_15	1649902217
123456789012355	demo2_0011	hospital_20	1649902217
623456789012346	demo6_0030	hospital_19	1649902217
423456789012346	demo4_0018	hospital_9	1649902217
423456789012345	demo4_0015	hospital_9	1649902217
123456789012375	demo2_0031	hospital_9	1649902217
323456789012345	demo3_0009	hospital_9	1649902217
523456789012345	demo5_0015	hospital_20	1649902217
623456789012346	demo6_0020	hospital_9	1649902217
323456789012346	demo3_0006	hospital_14	1649902217
523456789012345	demo5_0047	hospital_9	1649902217
723456789012345	demo7_0051	hospital_9	1649902217
523456789012346	demo5_0050	hospital_9	1649902217
623456789012346	demo6_0058	hospital_20	1649902217
923456789012346	demo9_0008	hospital_10	1649902217
223456789012354	demo1_0010	hospital_19	1649902217
523456789012346	demo5_0042	hospital_10	1649902217
323456789012345	demo3_0051	hospital_10	1649902217
423456789012345	demo4_0037	hospital_10	1649902217
623456789012345	demo6_0029	hospital_19	1649902217
723456789012346	demo7_0006	hospital_10	1649902217
923456789012345	demo9_0023	hospital_19	1649902217
123456789012366	demo2_0022	hospital_10	1649902217
823456789012345	demo8_0029	hospital_19	1649902217
123456789012377	demo2_0033	hospital_10	1649902217
323456789012345	demo3_0053	hospital_10	1649902217
623456789012345	demo6_0021	hospital_15	1649902217
423456789012345	demo4_0005	hospital_10	1649902217
823456789012346	demo8_0008	hospital_10	1649902217
523456789012345	demo5_0049	hospital_15	1649902217
723456789012345	demo7_0035	hospital_10	1649902217
223456789012353	demo1_0009	hospital_10	1649902217
423456789012346	demo4_0058	hospital_19	1649902217
323456789012345	demo3_0013	hospital_10	1649902217
423456789012345	demo4_0041	hospital_10	1649902217
523456789012345	demo5_0013	hospital_10	1649902217
723456789012346	demo7_0008	hospital_19	1649902217
623456789012345	demo6_0047	hospital_20	1649902217
523456789012345	demo5_0017	hospital_10	1649902217
923456789012346	demo9_0042	hospital_10	1649902217
323456789012346	demo3_0038	hospital_10	1649902217
223456789012389	demo1_0045	hospital_19	1649902217
823456789012345	demo8_0017	hospital_10	1649902217
323456789012346	demo3_0030	hospital_10	1649902217
623456789012346	demo6_0024	hospital_10	1649902217
223456789012345	demo1_0001	hospital_10	1649902217
823456789012345	demo8_0001	hospital_18	1649902217
623456789012345	demo6_0007	hospital_10	1649902217
123456789012353	demo2_0009	hospital_10	1649902217
623456789012346	demo6_0004	hospital_15	1649902217
323456789012346	demo3_0046	hospital_10	1649902217
823456789012345	demo8_0011	hospital_10	1649902217
723456789012345	demo7_0053	hospital_10	1649902217
623456789012345	demo6_0033	hospital_14	1649902217
823456789012345	demo8_0051	hospital_14	1649902217
323456789012345	demo3_0029	hospital_19	1649902217
723456789012346	demo7_0010	hospital_14	1649902217
523456789012345	demo5_0051	hospital_14	1649902217
123456789012354	demo2_0010	hospital_14	1649902217
223456789012380	demo1_0036	hospital_14	1649902217
723456789012346	demo7_0014	hospital_20	1649902217
523456789012346	demo5_0002	hospital_18	1649902217
823456789012346	demo8_0024	hospital_14	1649902217
323456789012346	demo3_0026	hospital_14	1649902217
523456789012346	demo5_0056	hospital_14	1649902217
223456789012369	demo1_0025	hospital_14	1649902217
323456789012346	demo3_0050	hospital_14	1649902217
123456789012367	demo2_0023	hospital_14	1649902217
823456789012345	demo8_0025	hospital_14	1649902217
523456789012345	demo5_0029	hospital_15	1649902217
323456789012345	demo3_0007	hospital_14	1649902217
223456789012360	demo1_0016	hospital_14	1649902217
523456789012345	demo5_0025	hospital_14	1649902217
323456789012345	demo3_0049	hospital_14	1649902217
623456789012345	demo6_0023	hospital_14	1649902217
923456789012345	demo9_0029	hospital_15	1649902217
723456789012346	demo7_0044	hospital_14	1649902217
623456789012345	demo6_0049	hospital_14	1649902217
223456789012400	demo1_0056	hospital_14	1649902217
123456789012394	demo2_0050	hospital_14	1649902217
723456789012345	demo7_0015	hospital_19	1649902217
823456789012346	demo8_0048	hospital_14	1649902217
123456789012392	demo2_0048	hospital_15	1649902217
223456789012390	demo1_0046	hospital_14	1649902217
423456789012346	demo4_0020	hospital_14	1649902217
923456789012346	demo9_0056	hospital_14	1649902217
423456789012346	demo4_0042	hospital_14	1649902217
923456789012345	demo9_0045	hospital_15	1649902217
223456789012403	demo1_0059	hospital_15	1649902217
323456789012346	demo3_0004	hospital_15	1649902217
423456789012345	demo4_0049	hospital_15	1649902217
923456789012345	demo9_0019	hospital_15	1649902217
223456789012368	demo1_0024	hospital_15	1649902217
423456789012345	demo4_0045	hospital_15	1649902217
123456789012386	demo2_0042	hospital_15	1649902217
923456789012346	demo9_0014	hospital_15	1649902217
223456789012381	demo1_0037	hospital_19	1649902217
123456789012401	demo2_0057	hospital_15	1649902217
523456789012345	demo5_0031	hospital_15	1649902217
223456789012358	demo1_0014	hospital_15	1649902217
823456789012345	demo8_0033	hospital_15	1649902217
923456789012345	demo9_0021	hospital_15	1649902217
823456789012346	demo8_0020	hospital_15	1649902217
523456789012346	demo5_0012	hospital_15	1649902217
623456789012345	demo6_0025	hospital_15	1649902217
623456789012345	demo6_0043	hospital_15	1649902217
423456789012346	demo4_0010	hospital_15	1649902217
123456789012363	demo2_0019	hospital_15	1649902217
523456789012346	demo5_0038	hospital_15	1649902217
223456789012375	demo1_0031	hospital_15	1649902217
823456789012346	demo8_0050	hospital_15	1649902217
723456789012345	demo7_0005	hospital_15	1649902217
523456789012346	demo5_0030	hospital_15	1649902217
823456789012345	demo8_0041	hospital_15	1649902217
623456789012346	demo6_0026	hospital_20	1649902217
723456789012346	demo7_0026	hospital_18	1649902217
823456789012346	demo8_0040	hospital_18	1649902217
723456789012346	demo7_0048	hospital_18	1649902217
323456789012346	demo3_0012	hospital_18	1649902217
923456789012346	demo9_0044	hospital_18	1649902217
223456789012394	demo1_0050	hospital_18	1649902217
523456789012346	demo5_0058	hospital_18	1649902217
723456789012346	demo7_0016	hospital_18	1649902217
723456789012346	demo7_0052	hospital_18	1649902217
923456789012345	demo9_0035	hospital_18	1649902217
123456789012368	demo2_0024	hospital_18	1649902217
723456789012346	demo7_0018	hospital_18	1649902217
923456789012346	demo9_0006	hospital_18	1649902217
323456789012345	demo3_0011	hospital_19	1649902217
423456789012345	demo4_0051	hospital_18	1649902217
923456789012345	demo9_0031	hospital_18	1649902217
623456789012345	demo6_0037	hospital_18	1649902217
423456789012345	demo4_0059	hospital_18	1649902217
823456789012346	demo8_0052	hospital_18	1649902217
423456789012345	demo4_0039	hospital_18	1649902217
823456789012345	demo8_0007	hospital_18	1649902217
623456789012346	demo6_0054	hospital_18	1649902217
523456789012345	demo5_0059	hospital_18	1649902217
623456789012345	demo6_0041	hospital_20	1649902217
123456789012396	demo2_0052	hospital_18	1649902217
623456789012345	demo6_0059	hospital_19	1649902217
623456789012345	demo6_0011	hospital_18	1649902217
523456789012345	demo5_0039	hospital_19	1649902217
123456789012364	demo2_0020	hospital_18	1649902217
923456789012346	demo9_0058	hospital_18	1649902217
623456789012346	demo6_0048	hospital_18	1649902217
323456789012346	demo3_0048	hospital_18	1649902217
523456789012345	demo5_0055	hospital_18	1649902217
423456789012345	demo4_0057	hospital_18	1649902217
523456789012346	demo5_0018	hospital_18	1649902217
423456789012346	demo4_0054	hospital_18	1649902217
723456789012346	demo7_0054	hospital_18	1649902217
623456789012345	demo6_0035	hospital_18	1649902217
423456789012345	demo4_0027	hospital_18	1649902217
923456789012346	demo9_0032	hospital_18	1649902217
223456789012366	demo1_0022	hospital_18	1649902217
523456789012345	demo5_0027	hospital_18	1649902217
623456789012345	demo6_0031	hospital_19	1649902217
623456789012346	demo6_0050	hospital_18	1649902217
823456789012345	demo8_0005	hospital_19	1649902217
623456789012346	demo6_0034	hospital_19	1649902217
423456789012346	demo4_0036	hospital_19	1649902217
423456789012346	demo4_0030	hospital_19	1649902217
823456789012346	demo8_0046	hospital_19	1649902217
823456789012345	demo8_0049	hospital_19	1649902217
423456789012346	demo4_0006	hospital_19	1649902217
523456789012345	demo5_0033	hospital_19	1649902217
323456789012345	demo3_0017	hospital_19	1649902217
623456789012346	demo6_0010	hospital_19	1649902217
823456789012346	demo8_0032	hospital_19	1649902217
123456789012350	demo2_0006	hospital_20	1649902217
823456789012345	demo8_0013	hospital_19	1649902217
123456789012379	demo2_0035	hospital_19	1649902217
923456789012346	demo9_0028	hospital_20	1649902217
223456789012384	demo1_0040	hospital_19	1649902217
323456789012345	demo3_0003	hospital_19	1649902217
223456789012349	demo1_0005	hospital_20	1649902217
523456789012346	demo5_0040	hospital_20	1649902217
523456789012346	demo5_0060	hospital_20	1649902217
